{"cameraMode":{"drawMode":0,"name":"Shaded","section":"Shading Mode"},"sceneLighting":true,"audioPlay":false,"sceneViewState":{"m_AlwaysRefresh":false,"showFog":true,"showSkybox":true,"showFlares":true,"showImageEffects":true,"showParticleSystems":true,"showVisualEffectGraphs":true,"m_FxEnabled":true},"in2DMode":false,"pivot":{"x":7.760641574859619,"y":-1.821183204650879,"z":-3.171039581298828},"rotation":{"x":0.20604519546031953,"y":-0.35934022068977358,"z":0.08167625218629837,"w":0.9065065979957581},"size":24.251087188720704,"orthographic":true}