{"cameraMode":{"drawMode":0,"name":"Shaded","section":"Shading Mode"},"sceneLighting":true,"audioPlay":false,"sceneViewState":{"m_AlwaysRefresh":false,"showFog":true,"showSkybox":true,"showFlares":true,"showImageEffects":true,"showParticleSystems":true,"showVisualEffectGraphs":true,"m_FxEnabled":true},"in2DMode":false,"pivot":{"x":260.05242919921877,"y":-128.23077392578126,"z":-412.1958312988281},"rotation":{"x":0.04221503809094429,"y":0.9490857720375061,"z":-0.14489661157131196,"w":0.27651500701904299},"size":286.8755798339844,"orthographic":false}