{"cameraMode":{"drawMode":0,"name":"Shaded","section":"Shading Mode"},"sceneLighting":true,"audioPlay":false,"sceneViewState":{"m_AlwaysRefresh":false,"showFog":true,"showSkybox":true,"showFlares":true,"showImageEffects":true,"showParticleSystems":true,"showVisualEffectGraphs":true,"m_FxEnabled":true},"in2DMode":false,"pivot":{"x":-230.61720275878907,"y":-297.92498779296877,"z":-254.08050537109376},"rotation":{"x":0.12956595420837403,"y":-0.8695881366729736,"z":0.35683727264404299,"w":0.3157472014427185},"size":290.4200744628906,"orthographic":false}